Produkt,Marke
Rouladen vom Rind,
Rotkäppchen Sekt oder Fruchtsecco,
Orangen,
Wiener Würstchen,
Milka Schokolade,
Lavazza,
Coca-Cola Kombikiste,
Müller Joghurt mit der Ecke,
Nuss-Nougat-Croissant,
Ferrero Küsschen,
Milram Käsescheiben,
Dallmayr Prodomo,
Red Bull Energy Drink,
Knorr Fix,
Glücksblatt Toilettenpapier,
Glücksblatt Küchentücher,
Servietten,
Taschentücher Box,
Taschentücher,
Alcojet Tauschzylinder oder CQC Tauschzylinder,
Crystal Wassersprudler,
"Heckenschere, Astschere oder Spaten",
Herren Hoodie,
Herren Socken,
Lego Minifigur,
Kinderbuch,
Plüschkissen,
LED Tischleuchte,
3D-Keramiktasse,
Viva Vital Damen oder Herren Hausschuhe,
Maniküre und Pediküre-Set,
Bratwürste,
Hackfleisch gemischt,
Hähnchen-Oberkeulensteaks,
Mais-Hähnchen,
Hähnchen-Geschnetzeltes,
Bayerische Puten-Ministeaks,
Schweine-Schnitzel,
Wade vom Jungbullen,
Wurst Aufschnitt,
Münchner Weißwurst,
Österreichische Wurstspezialitäten,
Prosciutto Cotto,
Meica Curry King,
Rohschinkenspezialitäten,
Schinkenwürfel,
Salami-Sortiment,
Zwiebeln,
Speisekartoffeln,
Mini-Romana Salat,
Champignon braun,
Suppengemüse,
Mini Cherryrispentomaten,
Möhren,
Kiwi grün,
Mandarinen,
Erdbeeren,
Chiquita Bananen,
Trauben hell,
Chiquita Mango,
Pomelo Sweetie,
Longlife Rose,
Orchidee,
Amaryllis,
Anthurie,
Kalanchoe,
geglitterter Weihnachtsstern,
Christrosen Arrangement,
True Fruits Smoothie,
Galbani Mascarpone,
Müller Doppeldecker oder Wackelpudding,
Weihenstephan Cremig & Quarkig,
Dahlhoff Aioli-Creme,
Meggle Reibekäse,
Mozzarella Stange,
Pizzateig XXL,
Frische Vollmilch,
Woerle Gourmet Bergkäse Stück,
Ehrmann Grand Dessert,
Rama,
Berchtesgadener Land Topfen,
Frosty Peach oder Mango Ice Cream,
Dessert Ei,
"Kinder Maxi King, Milchschnitte und Kinder Pingui",
Schokolierte Früchte,
Iglo Spinat,
Wagner Steinofen Pizza oder Flammkuchen,
Langnese Cremissimo Eis,
Wildlachsfilet,
Französische Käseplatte,
Cremeux de Normandie,
Caldenhof Forelle Caviar,
Himalaya Salz,
Birnstingl Steirisches Kürbiskernöl,
Antipasti di Mare,
Lachs Carpaccio,
Carpaccio,
Antipasti Teller Mix,
BioBio Antipasti,
Italienische handgelegte Aperitivo Platte,
Spanferkel-Keule,
Rotkohl,
Knorr Kochpasten,
Backofen-Kroketten,
Kloßteig halb & halb,
Wildreis,
Italienische Bronze Pasta,
Pittmann Hummer,
Meica Ragout Fin,
Königinpasteten,
Ekos Cakes Kuchenmix,
Stollen,
Dr. Oetker Mini Kuchen,
Kuchenstück,
Zimtsterne,
Coppenrath & Wiese Bunte Sahne Platte oder Festtagstorte,
Eduscho Pads,
Käfer Selection Single Origin,
Amicelli Waffelröllchen,
Sticks,
"Dr. Oetker Kuchenbackmischung ""Taste of Christmas""",
Teekanne Ländertee XXL,
Kilbeggan Irish Whiskey,
Pircher Spirituosen,
Johnnie Walker Red Label Blended Scotch,
Eckes Liköre,
Asbach Uralt Weinbrand,
Licor 43,
Cinzano Asti D.O.C.G.,
Brut Dargent Chardonnay Blanc de Blancs,
Southern Comfort Original,
Astrada Tawny Portwein,
Edition Valentin Vogel Weine,
Zauber & Phantasie Rotwein Cuvee,
In Me Primitivo Susumaniello IGP,
Doppio Rosso Primitivo Merlot IGT,
Mönchshof Biere,
Mönchshof Biere,
Mönchshof Biere²,
Paulaner Spezi oder Limo,
Paulaner Spezi oder Limo,
Paulaner Spezi oder Limo²,
Schneider Weisse,
Heineken Premium Beer,
Karamalz,
"Apfelsaft klar, Apfeldirektsaft naturtrüb oder Apfel-Kirsch",
Spaten Münchner Hell oder Alkoholfrei,
Landbier,
Coca-Cola oder Fanta,
Vita Cola oder Limonaden,
Gönrgy Energy Drink,
"Sprite, Fanta oder Mezzo Mix",
Gerolsteiner Mineralwasser oder Nearwater,
San Miguel Especial,
Active O2 Erfrischungsgetränk,
Krombacher,
Merci Lovelies,
Nutella B-Ready,
Katjes Fruchtgummi,
Haribo Fruchtgummi,
Trolli Fruchtugmmi,
Leibniz Choco Keks,
Kinder Country oder Hanuta,
Apfeltasche,
Weizenvollkornbrot,
Dunkin Donut Christmas,
Weizenbaguette,
"Kaiser-, Mohn- oder Sesambrötchen",
Geflügelrolle,
Pizza-Donut Jalapeno,
Vanillestange,
Gliss Shampoo oder Spülung,
Spee Waschmittel,
Softlan Weichspüler,
Sensodyne Fluorid Zahncreme,
Frolic Hundesnacks,
Carefree Slipeinlagen,
Somat Geschirrspültabs oder Gel,
Attica Knuspermix,
Edelstahl-Pfanne mit Wabenstruktur,
FryUp Vertikale Doppelkammer-Heißluftfritteuse,
Silikon-Backform für Heißluftfritteusen,
Sprühflaschen,
Backpapier-Schalen,
Knöchel- oder Kniebandage mit Kupfer- & Carbonfaser,
XXL-Thermobecher,
Messerblock,
Desinfizierende Anti-Schimmelfarbe zu Sprühen,
"Bettwäsche, 2-teilig",
Duschtuch,
Keramik-Müslischale,
Keramik-Tasse,
Thermobecher,
Fußmatte,
Kulturtasche,
Sporttasche,
Rucksack,
Mütze,
"Retroshorts, 2er Pack",
"Business Socken, 2er Pack",
Hähnchen-Brustfilet,
Rispentomaten,
Mineralwasser,
Almette Frischkäse/ -Zubereitung,
Damen Warm & Transparent Strumpfhose,
Nutella,
Aperol Aperitivo,
Weihenstephan Butter oder Streichzart,
funny-frisch Chipsfrisch,
Frosta Fertiggerichte,
Ingwer,
Zitronen,
Erdnüsse,
Zucchini,
Gurken,
Rote Bete,
Mini-Weihnachtsstern,
Orchideenblüte,
Großköpfige Hochland Rosen,
Spitzpaprika rot,
Äpfel,
Brokkoli,
Himbeeren,
Entenbrustfilet,
Falsches Filet vom Jungbullen,
Filetsteak vom Jungbullen,
Original Italienisches Rinder-Tartar,
Hirschkeulenbraten,
Bayerischer Puten-Rollbraten,
Schweine-Schäufele,
Crevettes roses,
Mini Berner Würstl,
Schinkenzwiebelmettwurst,
Bayerische Hüttenwurst,
Fuet Ibérico,
Leberkäse,
Hähnchenbrustfiletroulade,
Snack It Kabanossi to go,
Egetat Sucuk,
Giovanni Rana Pasta Limited Edition,
Meggle Trüffelbutter,
Milkana Schmelzkäse,
Elinas Joghurt nach Griechischer Art,
Kartoffel- oder Weißkrautsalat,
Kaninchenteile,
Coppenrath & Wiese kernig & kräftig Brötchen,
Nordsee Backfisch oder Fischfrikadellen Bremer Art,
"Président Le Crémiot, Carré Gourmet, La Brique oder Snack",
Dessert im Glas,
Schlagsahne,
Wagner Air Fryer Snacks,
Magnum Stieleis,
Hähnchen-Raclette,
Raclette-Platte,
Argentinische Rotgarnelen,
Bacon,
Le Rustique Raclette Platte,
Ananas,
Feinkost Saucen,
Steinofenbaguette,
Appenzeller Fondue,
Mayonnaisen,
Ibis Pita Sticks,
Champignons,
TUC Bake Rolls,
funny-frisch Spezialitäten oder Cornados,
POM-BÄR,
Lorenz Saltletts Laugenspezialitäten,
ültje Erdnüsse,
Doritos,
Lorenz Erdnuß Locken,
Stadt Land Vollpfosten,
Party Accessoire,
Party-Knicklichter,
Hitster Rock,
LED Party Accessoire,
LED Discokugel oder Lichtrad mit 48 bunten LEDs,
Elektronisches Dartspiel oder Sisal-Dartscheibe,
Sektgläser oder bunte Trinklgäser mit LED 2er,
Soft- oder Steeldart-Set,
Schweine-Rücken,
Merci Tafel-Schokolade,
Brunch,
Beck's Pils,
City 60407 Doppeldeckerbus oder 60454 Abenteuer-Wohnmobil,
Trauben dunkel,
Norwegisches Lachsfilet,
Heidelbeeren,
Chantré Weinbrand oder Crème Sahnelikör,
Mon Chéri,
Chiemseer Hell,
